,75c16,1,wie 85532,,,,,,,,,,,
,75c20,6,wie 60677,,,,,,,,,,,
,650,4,,,,,,,,,,,,
,702,4,,,,,,,,,,,,
,753,2,,,,,,,,,,,,
,772,26,wie 3245,,,,,,,,1,1,4,1
,962,4,,,,,,,,,,,,
,2339,30,wie 14395 und 76768,,,,,,,,,10,,3
,2341,8,wie 18759,,,,,,,,,,,
,2356,1,,,,,,,,,,,,
,2357,62,,,14,,,4,,,,,,
,2376,2,wie 74698,,,,,,,,,,,
,2377,2,wie 60032,,,,,,,,,,,
,2412,692,,,54,,,,,17,,,,
,2419,21,,,,,,,,,,1,,
,2420,303,,,89,18,25,26,,2,13,16,41,14
,2429,13,Teil von 73983, wie 19952,,,,,,,,,1,,
,2430,13,Teil von 73983, wie 19953,,,,,,,,,1,,
,2431,254,,,3,,,2,,22,,13,33,17
,2432,17,,,,,,,,1,4,,,
,2436,39,wie 10201 und 28802,,,,,,,1,16,5,,
,2444,37,wie 10247,,,,,,,,,,,
,2445,40,,,,,,9,1,,,,,
,2449,9,,,,,,,,1,,,2,2
,2450,34,,,,,,,,1,,1,,10
,2453,11,,,,,2,,,,,4,5,
,2454,43,,,,,,,,,5,10,15,
,2456,30,wie 44237,,1,,,8,,,,,,
,2458,36,wie 44865,,,,,,4,,2,5,4,6
,2460,16,,,,,,4,,1,,,,
,2462,12,,,,,,,,,,2,,1
,2465,11,,,1,,,,2,,,,,
,2476,23,,,,,,,,,,,,
,2540,77,,,2,,,,,,,,,
,2555,227,wie 15712 und 12825,,3,,,,,,4,1,,2
,2566,4,,,,,,,,,,,,
,2639,10,,,,,,,,,,,,
,2653,8,,,4,,,,,,,,,
,2654,78,,,2,,,15,,,1,,,
,2723,3,,,,,1,,,,,,,
,2730,9,,,6,,,,,,,,,
,2736,8,,,,,,,,,,1,1,3
,2780,575,wie 61332 und 4459, ähnlich zu 3673,,128,,,21,27,5,3,,86,83
,2817,23,,,,,,,,,6,,,
,2819,1,,,,,,,,,,,,
,2825,10,,,,,,,,,,,,
,2852,1,,,,,,,,,,,,
,2853,8,,,,,,,,,,,,
,2877,100,,,,,,,,,1,7,,28
,2905,2,,,,,,,,,,,,
,2921,70,wie 28917,,4,,,,,,,2,,
,2926,6,,,,,,,,,,3,1,
,3001,414,2 Tüten,,49,,,12,,,,,,
,3002,171,,,2,,,9,,,,,,
,3003,296,,,27,,,22,,1,,,,
,3004,569,,,93,,,16,,,2,,,2
,3005,640,,,37,,,23,,,,,,23
,3006,12,wie 92538,,,,,,,,,,,
,3007,30,,,1,,,8,,,,,,
,3008,138,,,17,,,8,2,,,,,
,3009,232,,,30,,,14,,,,,,
,3010,317,,,60,,,27,2,,,,,
,3020,358,,,91,,,58,,,6,,,
,3021,373,,,7,,,92,,,6,,,
,3022,267,,,93,,,62,,,3,3,,
,3023,765,,,141,,,214,,5,297,13,26,43
,3024,743,,,176,,,171,,21,4,110,45,54
,3027,9,,,,,,,,,,,,
,3028,7,,,2,3,,,,,,,,
,3029,15,,,1,,,,,,,,,
,3030,17,,,7,,,2,,,,,,
,3031,51,,,,,,1,,,2,,,
,3032,52,,,1,,,5,,,,,,
,3033,17,,,8,,,4,,,,,,
,3034,93,,,12,,,5,,,3,,,
,3035,66,,,12,,,2,,,,,,
,3036,18,,,2,,,,,,,,,
,3037,183,,,,,,,,,,,,
,3038,36,,,,,,,,,,,,
,3039,233,,,6,,,,,,1,,,25
,3040,158,,,21,,,2,,1,11,2,,19
,3041,22,,,,,,,,,,,,
,3042,2,,,,,,,,,,,,
,3043,16,,,,,,,,,,,,
,3044,8,,,,,,,,,,1,,
,3045,29,,,,,,,,,,,,
,3046,43,,,,,,,,,,,,
,3048,22,,,,,,,,,1,,1,
,3049,8,,,,,,,,,,,,
,3062,163,,,14,,,4,,1,,,,1
,3063,46,ähnlich zu 85080,,,,,,,,,1,,
,3068,251,,,5,,,3,,12,24,23,5,38
,3069,585,,,53,,,29,,38,72,14,4,18
,3070,432,,,4,,,10,,25,17,5,1,38
,3149,3,,,,,,,,,,,,
,3176,105,,,,,10,10,,10,,16,24,21
,3183,7,,,,,,,,,,,,
,3184,4,,,,,,,,,,,,
,3185,51,,,,,,,,,,,,
,3188,1,,,,,,,,,,,,
,3190,2,,,,,,,,,,,,
,3191,2,,,,,,,,,,,,
,3192,3,,,,,,,,,,,,
,3193,3,,,,,,,,,,,,
,3245,26,wie 772,,,,,,,,1,1,4,1
,3297,17,,,,,,,,,,,,
,3298,26,,,,,,,,1,1,,,
,3299,7,,,,,,,,,,,,
,3300,2,,,,,,,,,,,,
,3307,11,wie 15254 und 12939,,,,,,,,,2,,6
,3308,8,wie 16577,,,,,,,,,2,,
,3315,2,,,,,,,,,,,,
,3324,1,,,,,,,,,,,,
,3404,14,,,,,,,,,,,,7
,3455,35,wie 92950,,,,,,,5,,7,10,1
,3456,5,,,,,,,,,,,,
,3460,120,,,11,,,11,,,1,,,
,3579,1,,,,,,,,,,,,
,3597,1,,,,,,,,,,,,
,3622,143,,,17,,,15,,,,,,
,3623,468,,,9,,,105,,1,24,8,98,45
,3633,43,,,,,,,,,,,,
,3647,13,,,,,,,,,,,,
,3651,8,,,,,,,,,,,,
,3659,52,,,,,,,,2,,11,27,7
,3660,116,,,11,,,,,2,10,,,
,3665,208,,,,,,7,,6,74,,,17
,3666,327,,,84,,,24,,,,5,2,
,3673,69,ähnlich zu 2780, 4459 und 61332,,12,,,,,,,,1,16
,3675,4,,,,,,,,,,,,
,3676,10,,,,,,,,,,,,
,3678,3,,,,2,,,,1,,,,
,3679,13,in 3680,,,,,,,,,,,
,3680,13,mit 3679,,,,,,,,,,,
,3684,39,wie 98560,,,,,,,,,,,
,3685,26,,,,,,,,,,,,
,3700,82,,,3,,,1,,,,26,,
,3701,53,,,3,,,1,,,,,6,
,3702,18,,,,,,,,,,,,
,3703,38,,,3,,,,,,,,,
,3704,3,,,,,,,,,,,1,
,3705,23,,,3,,,,,,,,,
,3706,8,,,,,,,,,,,,
,3707,10,,,,,,,,,1,,,
,3708,4,,,,,,,,,,,,
,3709,42,,,6,,,,,,,,,
,3710,990,,,139,,,63,,,121,152,185,164
,3713,74,wie 42798,,12,,,,,1,2,,,1
,3736,1,,,,,,,,,,,,
,3737,5,,,,,,,,,,,,
,3738,6,,,2,,,,,,,,,
,3743,8,,,2,,2,,,,,,,
,3747,40,,,8,,,,,1,,,,
,3749,73,wie 6562, ähnlich zu 43093,,1,,,,,,,,,39
,3768,2,,,,,,,,,,,1,1
,3787,2,,,,,,,,,,,,
,3788,8,,,,,,,,,,,,
,3794,484,wie 15573,,45,,,19,,6,3,6,,11
,3795,165,,,6,,,56,,,8,,,
,3821,1,,,,,,,,1,,,,
,3822,2,,,,,,,,2,,,,
,3830,7,,,,,,,,,,,,
,3832,59,,,2,,,21,,,,,,
,3839,17,,,,,,,,,,,,
,3846,2,wie 90228,,,,,,,,,,,
,3849,4,,,,,,,,,,,,
,3853,17,,,,,,,,,,,,
,3854,30,,,,,,,,,,,,
,3856,4,,,,,,,,,,,,
,3894,28,,,2,,,,,,,,,
,3895,22,,,6,,,,,,,,,
,3935,2,,,,,,,,,,,,
,3936,2,,,,,,,,,,,,
,3937,29,,,5,,,,,,2,,,
,3938,22,,,,,,,,,,,,
,3940,3,wie 19798,,,,,,,,,,,
,3941,61,wie 6143,,1,,,25,,,,,,
,3942,18,wie 14918,,2,,,,,,,,,
,3956,17,,,,,,2,,,,,,
,3957,6,,,,,,,,,,,,
,3958,25,,,5,,,1,,,,,,
,3959,3,,,,,,,,,,,,
,3960,7,,,,,,,,,,,1,
,4032,108,,,,,,5,,,31,1,,
,4070,141,,,44,,,7,,,,1,,26
,4081,41,,,,,,,,1,2,,,1
,4083,4,,,,,,,,,,,,
,4085,145,wie 60897,,11,,,,,1,,1,,57
,4130,1,,,,,,,,,,,,
,4132,16,wie 60598,,,,,,,,,,,
,4133,8,,,,,,,,,,,,
,4150,21,,,1,,,,,5,,1,,1
,4162,94,,,2,,,,7,,,1,3,3
,4175,5,,,,,,,,1,,,,1
,4185,67,,,1,,,,,,,,,
,4213,2,,,,,,,,,,,,
,4216,8,,,,,,,,,,,,
,4262,1,,,,,,,,,,,1,
,4274,262,,,18,,,74,,2,6,,3,33
,4275,9,,,,,,,,1,,2,3,1
,4276,4,,,,,,,,,,,4,
,4282,34,,,9,,,1,2,,,,,
,4285,7,,,,,,,,,,,,
,4286,50,,,,,,,,6,11,,1,
,4287,32,,,2,,,,,2,9,,,
,4315,2,,,,,,,,,,,,
,4349,2,,,,,,,,,,,,
,4445,13,,,,,,,,,,,,
,4459,575,wie 61332 und 2780, ähnlich zu 3673,,128,,,21,27,5,3,,86,83
,4460,29,,,4,,,,,1,,,2,5
,4477,67,,,13,,,3,,,,,,
,4488,21,wie 67688,,,,,,,,,4,,12
,4490,17,,,,,,,,2,,4,5,2
,4510,28,,,,,,,,,,,,
,4519,75,,,4,,,1,,1,,,,20
,4588,13,,,,,,,,,,,,
,4589,202,wie 59900,,24,,,,,,3,14,,47
,4590,3,wie 18624,,,,,,,,,,,
,4595,16,,,,,,,,,,2,4,
,4596,1,,,,,,,,,,,,
,4599,129,,,1,,,,,4,,17,18,52
,4600,4,wie 67687,,,,,,,,,1,,
,4623,32,wie 88072,,2,,,,,,,,,
,4625,1,,,,,,,,,,,,
,4697,16,,,,,,,,,,,,
,4716,1,,,,,,,,,,,,
,4730,1,,,,,,,,,,1,,
,4733,49,,,6,,,2,,,,2,2,21
,4735,13,,,1,,,,,,,,,
,4740,43,,,3,,,2,,2,3,,,
,4854,2,,,,,,,,,,,,
,4859,2,wie 90194, 48183,,,,,,,,2,,,
,4863,18,wie 61345,,,,,,,,,,,
,4865,116,wie 26169,,2,,,,,9,4,25,26,11
,4871,15,,,,,,,,,,1,,
,6003,12,,,,,,,,,,,2,
,6005,26,,,,,,,,1,,5,,3
,6019,66,wie 61252,,7,,,16,,,,,2,21
,6020,1,,,,,,,,,,,,
,6060,1,,,,,,,,,,,1,
,6081,3,,,,,,,,1,,,,
,6091,101,wie 32807,,,,,8,,8,23,7,,
,6106,15,,,,,,,,,,,,
,6108,1,,,,,,,,,,,,
,6111,12,,,,,,,,,,,,
,6112,10,,,1,,,,,,,,,
,6134,22,,,2,,,,,,2,,,
,6141,668,,,202,,,8,29,31,22,3,5,58
,6143,61,wie 3941,,1,,,25,,,,,,
,6154,2,,,,,,,,,,,,
,6178,3,,,,,,1,,,,,,
,6179,70,,,,,,,,,,,,
,6180,30,,,,,,,,,,,,
,6182,10,,,,,,,,,,1,4,1
,6183,1,,,,,,,,,,,,
,6190,20,,,,,,,,,,,,
,6191,3,,,,,,,,,,,1,
,6192,4,,,,4,,,,,,,,
,6215,3,,,,,,,,2,,,,
,6222,3,,,,,,,,,,,,
,6231,41,,,,,,,,4,4,4,8,6
,6232,40,,,,,,,,,,3,,1
,6233,15,,,,,,,,,,,,
,6536,37,,,,,,,,,1,7,,
,6541,67,,,21,,,,,,,,,
,6553,6,,,,,,,,,1,,,
,6556,4,,,,,,,,,,,,
,6558,149,wie 42924, ähnlich zu 32556,,16,,,2,,,,,10,19
,6562,73,wie 3749, ähnlich zu 43093,,1,,,,,,,,,39
,6564,1,,,,,,,,,,,,
,6565,1,,,,,,,,,,,,
,6587,15,wie 13670,,2,,,,,,1,,,
,6628,24,wie 66906,,,,,,,,,1,5,4
,6629,9,,,,,,,,,,,,
,6632,27,,,,,,8,,,2,,,
,6636,139,,,1,,,1,,10,2,,3,7
,9244,1,,,,,,,,,,,,
,10197,3,,,,,,,,,,,,
,10201,39,wie 2436 und 28802,,,,,,,1,16,5,,
,10247,37,wie 2444,,,,,,,,,,,
,10314,12,,,,,6,,,5,,,,
,11090,11,,,,,,,,,4,,,
,11153,89,,,,,,4,,11,7,3,,16
,11203,16,,,,,,,,,,1,4,
,11211,42,,,,,,6,,,7,6,5,
,11212,44,,,,,,,,,,,,
,11213,8,,,,,,,,,6,,,
,11214,13,,,,8,,4,,,,,,
,11215,9,,,,,,,,,,2,,
,11458,38,,,,,,,,1,2,,,
,11476,7,,,2,,,,,,1,,,
,11477,255,,,,,,57,,22,111,15,,28
,11833,6,,,,1,,,,,,4,,
,12825,227,wie 15712 und 2555,,3,,,,,,4,1,,2
,12939,11,wie 15254 und 3307,,,,,,,,,2,,6
,13547,16,,,,2,,2,,,8,1,3,
,13670,15,wie 6587,,2,,,,,,1,,,
,13731,11,wie 85970,,,,,,,,4,,,
,13965,1,,,,,,,,,,,1,
,13971,5,,,,,,,,,,,,
,14301,4,,,,4,,,,,,,,
,14395,30,wie 76768 und 2339,,,,,,,,,10,,3
,14417,66,,,,,,,,,,11,11,43
,14418,18,,,,,,,,1,,3,10,2
,14419,21,,,,,,,,,,,17,4
,14682,1,wie 40620 und 65571,,,,,,,,,,,
,14704,60,,,,,,,,3,,7,12,37
,14716,3,,,,,,,,1,,,1,
,14718,2,,,,2,,,,,,,,
,14719,17,,,,,,,,,,,1,1
,14720,4,,,,,,,,,,,,
,14769,81,,,3,,,1,,,28,,,46
,14918,18,wie 3942,,2,,,,,,,,,
,15068,118,,,1,4,20,20,,10,2,13,,41
,15070,7,,,,,,,,,,,1,6
,15092,2,,,,,,,,,,,2,
,15100,26,wie 65487,,,20,,6,,,,,,
,15207,48,wie 43337,,,,,,,2,4,14,9,1
,15208,10,,,,,,,,,,,5,5
,15209,3,,,,,,,,,,,,3
,15254,11,wie 12939 und 3307,,,,,,,,,2,,6
,15392,3,in Kiste,,,,,,,,,,,2
,15397,2,,,,2,,,,,,,,
,15460,2,,,,,,,,,,,,2
,15461,13,wie 46189,,11,,,,,,,,,
,15462,1,,,,1,,,,,,,,
,15533,12,,,,,,,,,,2,,10
,15535,8,,,,,,1,,,1,,,3
,15573,473,wie 3794,,45,,,19,,6,3,6,,
,15672,43,wie 92946,,,,,,,2,,,,4
,15712,227,wie 2555 und 12825,,3,,,,,,4,1,,2
,16091,3,wie 30663,,,,,,,,,,,
,16577,8,wie 3308,,,,,,,,,2,,
,17485,4,,,,,,1,,,1,,,
,17715,60,wie 87994,,,,,,,4,,,,
,17836,39,wie 88646,,,,,,,,,,,
,18274,40,wie 63965,,,,,,,,5,,,
,18624,3,wie 4590,,,,,,,,,,,
,18649,4,,,,,,,,,,2,,
,18651,21,ähnlich zu 65249,,,,,,,,,,,
,18653,45,,,,,,,,3,,,,
,18654,22,,,,5,,,,,3,,,8
,18671,9,wie 73562,,,,,,,2,,2,,
,18674,20,,,,1,,,,,17,,,
,18677,33,wie 28809,,,,,,,,,,,
,18747,3,in Kiste,,,,,,,,,,,
,18759,8,wie 2341,,,,,,,,,,,
,18974,2,,,,,,,,,,,,
,19798,3,wie 3940,,,,,,,,,,,
,19952,13,Teil von 73983, wie 2429,,,,,,,,,1,,
,19953,13,Teil von 73983, wie 2430,,,,,,,,,1,,
,20105,1,in Kiste,,,,,,,,,,,
,20482,10,,,,,,,,5,,,,1
,21462,15,wie 30374,,1,,,4,,,,,,
,21712,113,wie 44728 und 92411,,3,,,,,8,31,1,,14
,22385,2,,,,,,,,,,,,2
,22885,18,,,,,,,,,,,,
,22888,2,,,,,,,,,1,,,1
,22890,6,,,,,,,,,,,3,1
,22961,10,,,,,,,,,,,,
,23443,12,,,,,,,,,4,,,
,23893,73,wie 87580,,,,,,,21,,13,,
,23969,3,,,,,,,,3,,,,
,24201,200,,,,,,12,,1,160,1,,
,24246,65,,,,35,,,,1,11,,1,11
,24299,7,,,,,,1,,,,,,6
,24307,12,,,,,,1,,,,1,,10
,24309,66,,,,,,,,,,,,
,24316,6,,,,6,,,,,,,,
,24866,84,,,,,,,,,,,,84
,25269,314,,,1,,,8,,6,194,81,1,16
,26047,40,,,,,10,16,,,4,1,1,6
,26169,115,wie 4865,,2,,,,,9,4,25,26,10
,26287,1,,,,,,1,,,,,,
,26599,4,,,,,,,,,,,,
,26601,115,,,,8,,5,,,43,12,,42
,26603,7,,,,7,,,,,,,,
,26604,7,,,,3,,,,,,,,
,27261,19,,,,,6,6,,,,1,6,
,27263,22,,,,,,,,1,4,1,,1
,27507,34,,,,,,,,,1,1,,
,27925,69,,,,,,,,,52,11,,6
,28192,23,,,,18,,,,,,,,5
,28326,5,,,,4,,1,,,,,,
,28626,1,,,,,,,,,,,1,
,28802,39,wie 2436 und 10201,,,,,,,1,16,5,,
,28809,33,wie 18677,,,,,,,,,,,
,28917,70,wie 2921 ,,4,,,,,,,2,,
,28973,19,wie 32555,,,,,,,,,,,
,28974,14,wie 42446,,,,,,,,,,,
,29119,30,,,,,,18,,,10,,1,1
,29120,102,,,,,,18,,,83,,1,
,29219,44,wie 62462,,,,,,,,,,,
,30000,28,,,,,,,,,,1,,
,30031,10,,,,,,,,,,,,
,30043,1,,,,,,,,,,,1,
,30044,8,,,,,,,,,,,,
,30099,4,,,,,,,,,,,,4
,30136,171,,,,,2,2,,,1,,29,84
,30137,18,,,,,,,,,,8,3,
,30145,2,,,,,2,,,,,,,
,30151,1,,,,,,1,,,,,,
,30157,4,,,,,,,,,,,,
,30162,35,,,,,,,,,,,,
,30165,14,,,,,,,,,,,,2
,30228,2,,,,,,,,,,,,
,30229,5,,,,,,,,,,,,
,30236,3,,,,,,,,,,,,
,30237,7,,,,,,,,,2,,1,
,30285,1,,,,,,,,,,,,
,30355,13,,,,,,,,,,,,
,30356,11,,,,,,,,,,,,
,30357,38,,,,,,,,,,4,,31
,30359,2,,,,,,,,,,,,
,30361,1,,,,1,,,,,,,,
,30363,13,,,,,,,,,,,,
,30364,13,,,,,,,,,,,,
,30365,34,wie 54671,,,,,,,,,,,
,30367,10,,,,,,1,,,,,,
,30373,3,,,,,,,,,,,,
,30374,15,wie 21462,,1,,,4,,,,,,
,30377,46,in Kiste,,,,,,,,1,,,
,30382,2,,,,,,,,,,,,
,30383,34,,,2,,,2,,,,,,
,30387,2,wie 54661,,,,,,,,,,,
,30388,4,wie 53914,,,,,,,,,,,
,30390,1,,,,,,,,,,,,
,30414,30,,,,,,2,,,1,5,,
,30503,22,,,,,,,,,,,,5
,30504,2,,,,,,,,,,,,
,30526,15,wie 53540,,,,,,,,,4,1,9
,30541,8,,,,,,,,,,,,
,30552,3,,,,,,,,,,,,
,30553,23,wie 57360,,1,,,,,,,,,
,30554,14,wie 54662,,,,,,,,,,,
,30565,46,,,,,,,,,,,,13
,30586,10,,,,,,,,,,,,
,30602,8,,,,,,,,,,,,
,30663,3,wie 16091,,,,,,,,,,,
,31493,40,wie 32064,,4,,,3,,,2,,,
,31959,3,wie 91501,,,,,,,,,,2,
,32000,58,,,,,,4,,,,,,
,32001,12,,,,,,,,,,,,
,32002,41,,,2,,,,,1,,,18,7
,32007,5,,,,,,,,,,,,
,32009,7,,,,,,,,,,,,
,32013,22,,,,,,,,,,,,
,32014,13,,,,,,,,,,,,
,32016,8,,,,,,3,,,,,,
,32018,12,,,3,,,,,,,,,
,32028,219,,,,,,5,,,2,,,
,32034,6,,,,,,,,,,,,
,32039,26,wie 42135,,,,,,,,1,,,
,32054,106,wie 65304,,67,,,,,,,,1,1
,32056,3,,,,,,,,,,,,
,32059,5,,,,,,,,,,,,
,32062,103, ,,3,,,3,,1,,,9,30
,32063,2,,,,,,,,,,,,
,32064,40,wie 31493,,4,,,3,,,2,,,
,32065,1,,,,,,,,,,,,
,32068,2,,,,,,,,,,,,
,32069,2,,,,,,,,,,,,
,32072,4,,,,,,,,,,,,1
,32073,24,,,,,,,,1,,,,
,32123,104,,,9,,,2,,1,2,,,48
,32124,2,,,,,,,,1,,,,
,32126,1,,,,,,,,,,,,
,32138,3,wie 65098,,,,,,,,,,,
,32140,22,,,,,,,,,,,,
,32184,25,,,,,10,2,,,,,,
,32187,3,,,,,1,,,,,,,
,32192,12,,,,,,,,,,,,
,32209,6,wie 59426,,,,,,,,,,,
,32249,6,,,,,,,,,,,,
,32250,6,,,,,,,,,,,,
,32270,6,,,,,,,,,,,,
,32271,6,,,,,,,,,,,,
,32278,10,wie 64871,,,1,4,2,,,,,,
,32291,9,,,,,,,,,,,,
,32316,24,,,,,,,,,,,,
,32324,4,,,,,,,,,,,,
,32348,6,,,,,,,,,,,,
,32449,18,,,,,,,,,,,,
,32523,46,,,5,,,2,,,,,,
,32524,16,,,,,,,,,,,,
,32525,19,wie 64290,,,13,,1,,,,,,
,32526,12,,,,,,,,,,,,
,32530,29,,,,,,,,1,,,2,
,32531,10,,,,,,,,,,,,
,32532,8,,,,,,,,,,,,
,32555,19,wie 28973,,,,,,,,,,,
,32556,20,,,7,,,,,,,,,
,32557,8,,,,,,,,,,,,
,32803,3,,,,2,,,,1,,,,
,32807,101,wie 6091,,,,,8,,8,23,7,,
,32828,12,,,,,,,,2,1,,2,3
,32952,9,,,,,,,,,,9,,
,33243,22,,,,8,8,,,5,,,,1
,33299,4,wie 61408,,,,,,,,,,,
,33303,22,,,,,,,,,,,,
,33909,25,,,,22,,,,,,,1,1
,34103,93,,,,4,,4,,,,,,85
,34446,2,wie 50990,,,,,,,,,,,
,35186,3,,,,3,,,,,,,,
,35480,33,,,,24,,,,,3,1,2,3
,35787,1,,,,1,,,,,,,,
,36840,69,,,,4,,,,,,63,,2
,36841,41,,,,4,,,,,36,,,1
,37352,22,,,,8,,8,,,8,,,
,37762,64,,,,,,,,,,,,64
,38583,16,,,,,,,,,,3,,13
,38585,24,,,,,,,,,,,,24
,39790,2,,,,2,,,,,,,,
,39794,5,,,,,,5,,,,,,
,40490,15,wie 64289,,,,,1,,,,,,
,40620,1,wie 14682 und 65571,,,,,,,,,,,
,41239,8,,,,,,,,,,,,
,41532,4,wie 57697,,1,,,,,,,,,
,41539,9,,,,,,,,,,,,
,41677,16,,,,,,,,,,,,
,41678,17,wie 69819,,,,,2,,,,,,
,41682,8,,,,8,,,,,,,,
,41740,69,wie 92593,,,,,,,9,2,10,13,
,41747,2,,,,,,,,,,,,
,41748,2,,,,,,,,,,,,
,41749,1,,,,,,,,,,,,
,41750,1,,,,,,,,,,,,
,41767,4,,,,,,,,,,,,
,41768,5,,,,,,,,1,,,,
,41769,77,,,13,,,,,,,,,21
,41770,59,,,1,,,,,1,,,,14
,41854,2,,,,,,,,,,,,
,41855,1,,,,,,,,,,,1,
,41862,6,,,,,,,,,,,,
,42003,22,,,,,,,,,,,,
,42021,1,,,,,,,,,,,,
,42022,11,,,,,,,,8,,1,2,
,42023,23,,,,,,,,3,,1,3,
,42060,2,,,,,,,,,,,,
,42061,2,,,,,,,,,,,,
,42135,26,wie 32039,,1,,,,,,1,,,
,42445,3,wie 99784,,,,,,,,,,,
,42446,14,wie 28974,,,,,,,,,,,
,42610,13,,,1,,,,,,,,,
,42798,74,wie 3713,,12,,,,,1,2,,,1
,42924,149,wie 6558, ähnlich zu 32556,,16,,,2,,,,,10,19
,43045,4,wie 98286,,,,,,,,,,,
,43093,134,ähnlich zu 3749 und 6562,,20,,,10,,,,,4,
,43337,48,wie 15207,,,,,,,2,4,14,9,1
,43710,5,,,,,,,,1,,,,
,43711,5,,,,,,,,1,,,,
,43712,1,,,,,,,,,,,,
,43713,5,,,,,,,,,,,,
,43719,7,,,,,,,,,,,,
,43720,5,,,,,,,,,,,,
,43721,5,,,,,,,,,,,,
,43722,58,,,,,,,,,,,,10
,43723,66,,,,,,,,,,,,13
,43857,10,,,,,,4,,,,,,
,43898,18,,,,,,6,,,5,,3,
,44126,5,,,,,,,,,,,,
,44237,30,wie 2456,,1,,,8,,,,,,
,44294,8,,,3,,,,,,,,,
,44300,4,,,,,,,,,,,2,
,44301,20,,,6,,,,,,,,1,
,44302,17,wie 54657,,9,,,2,,,,,,
,44359,2,,,,,2,,,,,,,
,44374,2,,,,,,,,,,,,
,44375,2,wie 45729,,,,,,,1,,,,
,44567,26,,,,,,,,,,1,1,
,44568,8,,,,,,,,,,,,
,44570,10,wie 50337,,,,,,,,,,,
,44728,113,wie 21712 und 92411,,3,,,,,8,31,1,,14
,44809,2,,,,,,1,,,,,,
,44822,1,wie 95120,,,,,,,,,,,
,44861,22,wie 92280,,,,,,,,,,,
,44865,36,wie 2458,,,,,,4,,2,5,4,6
,44874,3,wie 87082,,,,,,,,,,,
,45301,3,,,,,,,,,,,,
,45590,9,,,,,,,,,,,,2
,45677,5,,,,,,,,,,,,
,45729,2,wie 44375,,,,,,,1,,,,
,46189,13,wie 15461,,11,,,,,,,,,
,47397,13,,,,,,,,,,,,
,47398,13,,,,,,,,,,,,
,47456,8,,,,,,,,5,,,,
,47457,28,,,,,,,,7,10,2,,3
,47458,1,,,,,,,,,1,,,
,47753,1,,,,,,,,,,,,
,47905,71,,,,,,,,,,,,
,48092,49,,,,,,,,,,3,,6
,48183,2,wie 90194, 4859,,,,,,,,2,,,
,48336,54,,,4,,,,,,1,,,
,48723,2,wie 68888,,,,,,,,,,,
,48729,16,,,,,,4,,1,2,,,
,48933,6,,,,,,,,,,,,
,48989,13,wie 65489,,6,,,,,,,,,
,49307,2,,,,,,,,,2,,,
,49311,1,,,,1,,,,,,,,
,49668,126,,,,,,14,,,,42,,40
,50304,11,,,,,,,,,,,,
,50305,12,,,,,,,,,,,,
,50337,10,wie 44570,,,,,,,,,,,
,50340,19,wie 60471,,1,,,,,,,,,
,50450,1,,,,,,1,,,,,,
,50745,10,,,,,,,,,,,,
,50947,3,,,,,,,,,,,,3
,50950,181,,,4,,17,12,,35,58,,21,
,50956,1,,,,,,,,,,,,
,50967,2,,,,,,,,,,,,
,50990,2,wie 34446,,,,,,,,,,,
,51266,6,,,,,,,,,,,,
,51739,12,,,,,,,,1,,,,
,52031,2,,,,,,,,,1,,1,
,52107,30,,,,,2,,,,,,8,
,52501,6,,,,,,,,,,,,
,53540,15,wie 30526,,,,,,,,,4,1,9
,53586,4,,,,2,,2,,,,,,
,53914,4,wie 30388,,,,,,,,,,,
,54200,1134,,,78,,,38,,15,40,50,,3
,54383,42,,,,,,,,,,,,
,54384,42,,,,,,,,,,,,
,54657,15,wie 44302,,9,,,,,,,,,
,54661,2,wie 30387,,,,,,,,,,,
,54662,14,wie 30554,,,,,,,,,,,
,54671,34,wie 30365,,,,,,,,,,,
,55013,10,,,4,,,,,,,,,
,55982,1,,,,,,,,,,,,
,57360,23,wie 30553,,1,,,,,,,,,
,57519,2,,,,,,,,,,,,
,57697,4,wie 41532,,1,,,,,,,,,
,57909,3,,,,,,,,,,,,3
,59349,3,,,,,,,,,,,,
,59426,6,wie 32209,,,,,,,,,,,
,59443,30,,,,,,,,1,,,,6
,59900,202,wie 4589,,24,,,,,,3,14,,47
,60032,2,wie 2377,,,,,,,,,,,
,60208,8,,,,,,,,,,,,
,60219,1,,,,,,,,,,,,
,60470,83,,,,,,,,,,40,,
,60471,19,wie 50340,,1,,,,,,,,,
,60474,56,,,,,,4,,,2,,,6
,60475,16,,,,,,,,,,1,,
,60476,10,,,,,,4,,,,,,
,60477,14,,,,,,,,3,5,,,
,60478,98,,,2,,,,,1,,,1,23
,60479,13,,,,,3,,,,,,,
,60481,25,,,,,,1,,2,,,1,5
,60483,15,wie 74695,,,,,,,,,,,
,60484,6,,,,,2,,,,,,,
,60485,2,,,,,,,,,,,,
,60581,5,,,,,,,,,,,,
,60592,48,,,,,,,,,,,,
,60593,28,,,,,,,,,,,,
,60598,16,wie 4132,,,,,,,,,,,
,60677,6,wie 75c20,,,,,,,,,,,
,60849,26,,,,,,,,,,,,
,60897,145,wie 4085,,11,,,,,1,,1,,57
,61184,40,,,,,,,,,,,,
,61252,66,wie 6019,,7,,,16,,,,,2,21
,61332,575,wie 2780 und 4459, ähnlich zu 3673,,128,,,21,27,5,3,,86,83
,61345,18,wie 4863,,,,,,,,,,,
,61408,4,wie 33299,,,,,,,,,,,
,61409,127,,,,,,,,12,1,,,
,61485,5,,,,,2,,,,,,,
,61903,3,,,,,,,,,,,,
,62462,44,wie 29219,,,,,,,,,,,
,63864,80,,,,,,7,,1,,,11,6
,63868,105,,,,,,,,3,2,,4,1
,63869,1,,,,,,,,,,,,
,63965,40,wie 18274,,,,,,,,5,,,
,64179,3,,,,,,1,,,,,,
,64289,15,wie 40490,,,,,1,,,,,,
,64290,19,wie 32525,,,13,,1,,,,,,
,64567,42,in Kiste,,,,4,1,,,1,,,
,64644,14,,,,,,,,,,,,
,64799,3,,,,1,1,1,,,,,,
,64871,10,wie 32278,,,1,4,2,,,,,,
,65098,3,wie 32138,,,,,,,,,,,
,65304,106,wie 32054,,67,,,,,,,,1,1
,65487,26,wie 15100,,,20,,6,,,,,,
,65489,13,wie 48989,,6,,,,,,,,,
,65571,1,wie 14682 und 40620,,,,,,,,,,,
,66857,18,,,,,,,,,,,,18
,66906,24,wie 6628,,,,,,,,,1,5,4
,67329,19,,,,,,,,,,,,19
,67687,4,wie 4600,,,,,,,,,1,,
,67688,21,wie 4488,,,,,,,,,4,,12
,68325,2,,,,2,,,,,,,,
,68568,2,,,,,,,,,,,,2
,68888,2,wie 48723,,,,,,,,,,,
,69729,10,,,,10,,,,,,,,
,69819,17,wie 41678,,,,,2,,,,,,
,70681,37,,,,,,,,,,37,,
,72132,2,wie 87609,,,,,1,,,,,,
,72454,10,,,,,,,,,,,,
,73194,2,,,,,,,,,,,,
,73562,9,wie 18671,,,,,,,2,,2,,
,73983,38,zusammengesetzt aus 19953 und 19952 oder 2430 und 2429,,,,,,,,,1,25,
,74695,15,wie 60483,,,,,,,,,,,
,74698,2,wie 2376,,,,,,,,,,,
,75535,3,,,,,,,,,,,,
,75902,1,,,,1,,,,,,,,
,76385,3,,,,,,,,,,,3,
,76768,30,wie 14395 und 2339,,,,,,,,,10,,3
,78329,1,,,,,,,,,,1,,
,79757,2,,,,,,,,,,,,2
,85080,5,ähnlich zu 3063,,,,,,,,,,,
,85532,1,wie 75c16,,,,,,,,,,,
,85861,126,,,,19,,,,3,2,2,,97
,85943,4,,,,,,,,,,,,
,85970,11,wie 13731,,,,,,,,4,,,
,85984,96,,,,,,,,9,3,11,,1
,86208,2,,,,,,,,,,,,
,87079,86,,,,,,,,2,27,1,3,5
,87081,4,,,,,,,,,1,,,
,87082,3,wie 44874,,,,,,,,,,,
,87083,11,,,,,,1,,,1,,,1
,87087,168,,,9,,,11,,,,,,
,87544,13,,,,,,,,1,,,,
,87552,50,,,,,,,,,,,,2
,87580,73,wie 23893,,,,,,,21,,13,,
,87609,2,wie 72132,,,,,1,,,,,,
,87618,12,,,,,,,,,,,,
,87620,7,,,,,,,,,,1,,2
,87747,38,,,,,,,,,,,,38
,87994,60,wie 17715,,,,,,,4,,,,
,88072,32,wie 4623,,2,,,,,,,,,
,88292,17,,,,,,,,,1,6,3,3
,88293,8,,,,,,,,,,,,
,88646,39,wie 17836,,,,,,,,,,,
,88930,16,,,,8,,,,1,,2,1,
,90194,2,wie 48183, 4859,,,,,,,,2,,,
,90202,1,,,,,,,,,,,,
,90228,2,wie 3846,,,,,,,,,,,
,90498,3,,,,,,,,,,,,
,91501,3,wie 31959,,,,,,,,,,2,
,91988,6,,,,,,,,,,,,
,92099,3,,,,,,,,,,,,
,92280,22,wie 44861,,,,,,,,,,,
,92411,113,wie 21712 und 44728,,3,,,,,8,31,1,,14
,92538,12,wie 3006,,,,,,,,,,,
,92582,18,,,,,,,,,,,,
,92593,69,wie 41740,,,,,,,9,2,10,13,
,92690,4,,,,1,2,,,,,,,
,92946,44,wie 15672,,,,,,,2,,,,5
,92947,35,,,,,,,,,,,,
,92950,35,wie 3455,,,,,,,5,,7,10,1
,93061,1,,,,,,,,,1,,,
,93095,4,,,,,,,,,,,,4
,93273,51,,,,,,,,5,1,7,13,13
,93274,4,,,,,,,,,,,,
,93606,21,,,,,,,,1,,1,,3
,95120,1,wie 44822,,,,,,,,,,,
,98138,1367,,,1212,,,7,,6,2,59,,34
,98263,1,,,,,,,,,,,,
,98283,61,,,,,10,,,,,17,1,33
,98286,4,wie 43045,,,,,,,,,,,
,98397,3,,,,,,,,,,,,
,98560,39,wie 3684,,,,,,,,,,,
,98585,1,,,,,,,,,,,,
,99206,67,,,,,,12,,3,29,1,1,2
,99207,39,,,,,,,,2,,8,1,10
,99563,72,,,,,,,,1,,1,,
,99780,80,,,,,,,,,5,5,,7
,99781,45,,,,11,,,,2,,20,,7
,99784,3,wie 42445,,,,,,,,,,,